{"loss": [0.3800913095474243, 0.37503936886787415, 0.37332746386528015, 0.37166494131088257], "accuracy": [0.8443771600723267, 0.8481636047363281, 0.8500568270683289, 0.8477849960327148], "val_loss": [0.5642504692077637, 0.5751432776451111, 0.5775098204612732, 0.5746701955795288], "val_accuracy": [0.7214128375053406, 0.7134658098220825, 0.7152318358421326, 0.7187638282775879]}