{"loss": [0.6920515298843384, 0.690759539604187, 0.6891257166862488, 0.6843578815460205, 0.6696757078170776, 0.6221497058868408, 0.5293806791305542, 0.4668775200843811, 0.44558778405189514, 0.4279329776763916, 0.4191901683807373, 0.4080671966075897], "accuracy": [0.5147671699523926, 0.5757288932800293, 0.6062098145484924, 0.6245740652084351, 0.6666035652160645, 0.7500947117805481, 0.805566132068634, 0.807837963104248, 0.8161681890487671, 0.823362410068512, 0.8299886584281921, 0.8383188843727112], "val_loss": [0.6921133399009705, 0.6902812719345093, 0.6872860193252563, 0.6786367893218994, 0.6577873229980469, 0.6018250584602356, 0.549340546131134, 0.5203311443328857, 0.518555760383606, 0.5288447737693787, 0.5312322378158569, 0.5337120294570923], "val_accuracy": [0.567328929901123, 0.5637969374656677, 0.5761589407920837, 0.6083885431289673, 0.6847682595252991, 0.7479028701782227, 0.7479028701782227, 0.7545254230499268, 0.7492274045944214, 0.7417218685150146, 0.7412803769111633, 0.7395143508911133]}