{"loss": [0.6933971643447876, 0.6916370391845703, 0.6901785731315613, 0.6873676776885986, 0.6832783222198486, 0.6765334606170654, 0.666711688041687, 0.6522336602210999, 0.6297442317008972, 0.6053685545921326, 0.5718280673027039, 0.5321189165115356, 0.4912283420562744, 0.4600220322608948, 0.44369417428970337, 0.434884637594223, 0.4279027283191681, 0.42082273960113525], "accuracy": [0.4284362196922302, 0.5007573366165161, 0.567398726940155, 0.6378266215324402, 0.6747444272041321, 0.712040901184082, 0.7160167098045349, 0.731541097164154, 0.7417645454406738, 0.7559636831283569, 0.7580462098121643, 0.7659977674484253, 0.7839834094047546, 0.7898523807525635, 0.805187463760376, 0.8084059357643127, 0.8133283257484436, 0.8214691877365112], "val_loss": [0.6945242285728455, 0.6926733255386353, 0.6906773447990417, 0.6879236102104187, 0.6830562949180603, 0.6759287118911743, 0.6657752990722656, 0.6515020132064819, 0.631104588508606, 0.613774299621582, 0.5824449062347412, 0.5632600784301758, 0.5286198258399963, 0.5142816305160522, 0.5012698173522949, 0.5141910314559937, 0.5042906999588013, 0.5029024481773376], "val_accuracy": [0.4370861053466797, 0.5258278250694275, 0.6238411068916321, 0.6498896479606628, 0.6834437251091003, 0.6944812536239624, 0.7046357989311218, 0.7099338173866272, 0.7134658098220825, 0.7147903442382812, 0.7262693643569946, 0.7178808450698853, 0.7395143508911133, 0.7448123693466187, 0.7611479163169861, 0.7474613785743713, 0.7567329406738281, 0.7598234415054321]}