{"loss": [0.6920139193534851, 0.691807746887207, 0.6914753913879395, 0.6908083558082581, 0.6896451711654663, 0.6861159205436707, 0.6712214946746826, 0.6085522770881653, 0.5025742053985596, 0.4570540487766266, 0.4379090368747711, 0.4312717914581299, 0.42149433493614197], "accuracy": [0.546951949596405, 0.5685346722602844, 0.5736463665962219, 0.5800833106040955, 0.5999621748924255, 0.6230594515800476, 0.7099583745002747, 0.787391185760498, 0.8027262687683105, 0.8123817443847656, 0.8241196870803833, 0.8299886584281921, 0.8379402160644531], "val_loss": [0.6920534372329712, 0.691394031047821, 0.6906063556671143, 0.6899436116218567, 0.6878647804260254, 0.6824122071266174, 0.661061704158783, 0.5845013856887817, 0.5236039757728577, 0.5089990496635437, 0.5177841782569885, 0.5104503035545349, 0.511505126953125], "val_accuracy": [0.5558499097824097, 0.556291401386261, 0.556291401386261, 0.5567328929901123, 0.5620309114456177, 0.6176600456237793, 0.7240618467330933, 0.7487859129905701, 0.7589403986930847, 0.7479028701782227, 0.7456954121589661, 0.7518764138221741, 0.7554084062576294]}