{"loss": [0.6945865750312805, 0.6855593323707581, 0.6786832809448242, 0.664984405040741, 0.6349301934242249, 0.5849016308784485, 0.5293441414833069, 0.4865291714668274, 0.4588514268398285, 0.43553540110588074, 0.4190365672111511], "accuracy": [0.5408936142921448, 0.5692919492721558, 0.6029913425445557, 0.6453995108604431, 0.6923514008522034, 0.7336236834526062, 0.7741386294364929, 0.8038622140884399, 0.8216584920883179, 0.8356683254241943, 0.8457024097442627], "val_loss": [0.6893908381462097, 0.6860277056694031, 0.6837029457092285, 0.6710924506187439, 0.649077296257019, 0.6246827840805054, 0.6132190823554993, 0.6071160435676575, 0.6091198325157166, 0.6139872670173645, 0.630777895450592], "val_accuracy": [0.5655629634857178, 0.5752759575843811, 0.5801324844360352, 0.6057395339012146, 0.6401766538619995, 0.665783703327179, 0.670640230178833, 0.6807947158813477, 0.684326708316803, 0.6821192502975464, 0.671964704990387]}